<DesignerProperty>
  <Header>
    <Name>cccBaseAxisComposite</Name>
    <Parent>BaseProperty</Parent>
    <DefaultValue>false</DefaultValue>
    <Description>baseAxisComposite</Description>
    <Tooltip>Indicates if the axis should show discrete multi-dimensional data in a hierarchical form, when true, or a flattened form, when false (applies to discrete axes).</Tooltip>
    <InputType>Boolean</InputType>
    <OutputType>Boolean</OutputType>
    <Order>209</Order>
    <Advanced>true</Advanced>
    <Version>2.0</Version>
  </Header>
</DesignerProperty>
