<DesignerProperty>
   <Header>
      <Name>cccBulletMargin</Name>
      <Parent>BaseProperty</Parent>
      <DefaultValue>100</DefaultValue>
      <Description>bulletMargin</Description>
      <Tooltip>The top margin, for vertical orientation, or left margin, for horizontal orientation, in pixel units.</Tooltip>
      <InputType>Float</InputType>
      <OutputType>Number</OutputType>
      <Order>239</Order>
      <Advanced>true</Advanced>
      <Version>2.0</Version>
   </Header>
</DesignerProperty>
