<DesignerProperty>
  <Header>
    <Name>cccBaseAxisLabelSpacingMin</Name>
    <Parent>BaseProperty</Parent>
    <DefaultValue/>
    <Description>baseAxisLabelSpacingMin</Description>
    <Tooltip>The minimum spacing between tick labels, in em units (does not apply to discrete-hierarchical axes).</Tooltip>
    <InputType>Float</InputType>
    <OutputType>Number</OutputType>
    <Order>217</Order>
    <Advanced>true</Advanced>
    <Version>2.0</Version>
  </Header>
</DesignerProperty>
