<DesignerProperty>
  <Header>
    <Name>cccBaseAxisClickAction</Name>
    <Parent>BaseProperty</Parent>
    <DefaultValue/>
    <Description>baseAxisClickAction</Description>
    <Tooltip>A callback function that is called when the user clicks on a tick label (applies to discrete axes).</Tooltip>
    <InputType>JavaScript</InputType>
    <OutputType>Function</OutputType>
    <Order>208</Order>
    <Advanced>true</Advanced>
    <Version>2.0</Version>
  </Header>
</DesignerProperty>
