<DesignerProperty>
   <Header>
      <Name>cccColor2AxisLegendDrawMarker</Name>
      <Parent>BaseProperty</Parent>
      <DefaultValue/>
      <Description>color2AxisLegendDrawMarker</Description>
      <Tooltip>Forces a shape to be shown or not in the marker zone (applies to discrete domain axes).</Tooltip>
      <InputType>Boolean</InputType>
      <OutputType>Boolean</OutputType>
      <Order>255</Order>
      <Advanced>true</Advanced>
      <Version>2.0</Version>
   </Header>
</DesignerProperty>
