<DesignerProperty>
   <Header>
      <Name>cccColor2AxisLegendVisible</Name>
      <Parent>BaseProperty</Parent>
      <DefaultValue>true</DefaultValue>
      <Description>color2AxisLegendVisible</Description>
      <Tooltip>Indicates if the legend items of this color axis should be visible (applies to discrete domain axes).</Tooltip>
      <InputType>Boolean</InputType>
      <OutputType>Boolean</OutputType>
      <Order>257</Order>
      <Advanced>true</Advanced>
      <Version>2.0</Version>
   </Header>
</DesignerProperty>
