<DesignerProperty>
   <Header>
      <Name>cccDataCategoriesCount</Name>
      <Parent>BaseProperty</Parent>
      <DefaultValue></DefaultValue>
      <Description>dataCategoriesCount</Description>
      <Tooltip>The number of category-like columns that are present in a data source.</Tooltip>
      <InputType>Float</InputType>
      <OutputType>Number</OutputType>
      <Order>274</Order>
      <Advanced>true</Advanced>
      <Version>2.0</Version>
   </Header>
</DesignerProperty>
