<DesignerProperty>
   <Header>
      <Name>cccDataPartRole</Name>
      <Parent>BaseProperty</Parent>
      <DefaultValue/>
      <Description>dataPartRole</Description>
      <Tooltip>The dataPart visual role allows fine grained partitioning of the data  that shows in the main plot and in the second plot.</Tooltip>
      <InputType>String</InputType>
      <OutputType>String</OutputType>
      <Order>276</Order>
      <Advanced>true</Advanced>
      <Version>2.0</Version>
   </Header>
</DesignerProperty>
