<DesignerProperty>
   <Header>
      <Name>cccExplodedSliceRadius</Name>
      <Parent>BaseProperty</Parent>
      <DefaultValue>0</DefaultValue>
      <Description>explodedSliceRadius</Description>
      <Tooltip>Increment radius of an exploded slice, in pixel units or as a percentage.</Tooltip>
      <InputType>String</InputType>
      <OutputType>String</OutputType>
      <Order>281</Order>
      <Advanced>true</Advanced>
      <Version>2.0</Version>
   </Header>
</DesignerProperty>
