<DesignerProperty>
   <Header>
      <Name>cccIgnoreNulls</Name>
      <Parent>BaseProperty</Parent>
      <DefaultValue>true</DefaultValue>
      <Description>ignoreNulls</Description>
      <Tooltip>Indicates if datums whose value of all measure dimensions is null should be ignored.</Tooltip>
      <InputType>Boolean</InputType>
      <OutputType>Boolean</OutputType>
      <Order>284</Order>
      <Advanced>true</Advanced>
      <Version>2.0</Version>
   </Header>
</DesignerProperty>
