<DesignerProperty>
   <Header>
      <Name>cccLegendPosition</Name>
      <Parent>BaseProperty</Parent>
      <DefaultValue>bottom</DefaultValue>
      <Description>legendPosition</Description>
      <Tooltip>The docking position of the panel.</Tooltip>
      <InputType type="valuelist"/>
      <OutputType>String</OutputType>
      <Order>296</Order>
      <Advanced>true</Advanced>
      <Version>2.0</Version>
   </Header>
   <Values>
      <Value display="Bottom">bottom</Value>
      <Value display="Left">left</Value>
      <Value display="Right">right</Value>
      <Value display="Top">top</Value>
   </Values>
</DesignerProperty>
