<DesignerProperty>
   <Header>
      <Name>cccLegendClickMode</Name>
      <Parent>BaseProperty</Parent>
      <DefaultValue>toggleVisible</DefaultValue>
      <Description>legendClickMode</Description>
      <Tooltip>What happens when the user clicks a legend item (applies to discrete domain axes).</Tooltip>
      <InputType type="valuelist"/>
      <OutputType>String</OutputType>
      <Order>288</Order>
      <Advanced>true</Advanced>
      <Version>2.0</Version>
   </Header>
   <Values>
      <Value display="None">none</Value>
      <Value display="ToggleSelected">toggleSelected</Value>
      <Value display="ToggleVisible">toggleVisible</Value>
   </Values>
</DesignerProperty>
