<DesignerProperty>
   <Header>
      <Name>cccLegendShape</Name>
      <Parent>BaseProperty</Parent>
      <DefaultValue/>
      <Description>legendShape</Description>
      <Tooltip>Forces a given shape to be used in the marker zone (applies to discrete domain axes).</Tooltip>
      <InputType type="valuelist"/>
      <OutputType>String</OutputType>
      <Order>297</Order>
      <Advanced>true</Advanced>
      <Version>2.0</Version>
   </Header>
   <Values>
      <Value display="Bar">bar</Value>
      <Value display="Circle">circle</Value>
      <Value display="Cross">cross</Value>
      <Value display="Diamond">diamond</Value>
      <Value display="Square">square</Value>
      <Value display="Tick">tick</Value>
      <Value display="Triangle">triangle</Value>
   </Values>
</DesignerProperty>
