<DesignerProperty>
   <Header>
      <Name>cccMaximumRole</Name>
      <Parent>BaseProperty</Parent>
      <DefaultValue/>
      <Description>maximumRole</Description>
      <Tooltip>The maximum visual role controls the position of the rule that crosses the bottom whisker of the box visual element, along the orthogonal axis.</Tooltip>
      <InputType>String</InputType>
      <OutputType>String</OutputType>
      <Order>312</Order>
      <Advanced>true</Advanced>
      <Version>2.0</Version>
   </Header>
</DesignerProperty>
