<DesignerProperty>
   <Header>
      <Name>cccMultiChartColumnsMax</Name>
      <Parent>BaseProperty</Parent>
      <DefaultValue>3</DefaultValue>
      <Description>multiChartColumnsMax</Description>
      <Tooltip>The maximum number of small charts that should be displayed in a row.</Tooltip>
      <InputType>Float</InputType>
      <OutputType>Number</OutputType>
      <Order>316</Order>
      <Advanced>true</Advanced>
      <Version>2.0</Version>
   </Header>
</DesignerProperty>
