<DesignerProperty>
   <Header>
      <Name>cccNullShape</Name>
      <Parent>BaseProperty</Parent>
      <DefaultValue>cross</DefaultValue>
      <Description>nullShape</Description>
      <Tooltip>The shape to use when the value of the size role is null.</Tooltip>
      <InputType type="valuelist"/>
      <OutputType>String</OutputType>
      <Order>323</Order>
      <Advanced>true</Advanced>
      <Version>2.0</Version>
   </Header>
   <Values>
      <Value display="Bar">bar</Value>
      <Value display="Circle">circle</Value>
      <Value display="Cross">cross</Value>
      <Value display="Diamond">diamond</Value>
      <Value display="Square">square</Value>
      <Value display="Tick">tick</Value>
      <Value display="Triangle">triangle</Value>
   </Values>
</DesignerProperty>
