<DesignerProperty>
   <Header>
      <Name>cccOrtho2AxisOffset</Name>
      <Parent>BaseProperty</Parent>
      <DefaultValue>0</DefaultValue>
      <Description>ortho2AxisOffset</Description>
      <Tooltip>The percentage padding, on each of the sides of the plot panel that are orthogonal to the axis orientation.</Tooltip>
      <InputType>Float</InputType>
      <OutputType>Number</OutputType>
      <Order>333</Order>
      <Advanced>true</Advanced>
      <Version>2.0</Version>
   </Header>
</DesignerProperty>
