<DesignerProperty>
   <Header>
      <Name>cccOrtho2AxisTickExponentMax</Name>
      <Parent>BaseProperty</Parent>
      <DefaultValue/>
      <Description>ortho2AxisTickExponentMax</Description>
      <Tooltip>The maximum exponent of 10 that is used to generate ticks (applies to continuous-numeric axes).</Tooltip>
      <InputType>Float</InputType>
      <OutputType>Number</OutputType>
      <Order>339</Order>
      <Advanced>true</Advanced>
      <Version>2.0</Version>
   </Header>
</DesignerProperty>
