<DesignerProperty>
   <Header>
      <Name>cccOrtho2AxisTicks</Name>
      <Parent>BaseProperty</Parent>
      <DefaultValue>true</DefaultValue>
      <Description>ortho2AxisTicks</Description>
      <Tooltip>Indicates if ticks are shown for each tick value (does not apply to discrete-hierarchical axes).</Tooltip>
      <InputType>Boolean</InputType>
      <OutputType>Boolean</OutputType>
      <Order>342</Order>
      <Advanced>true</Advanced>
      <Version>2.0</Version>
   </Header>
</DesignerProperty>
