<DesignerProperty>
   <Header>
      <Name>cccOrtho2AxisDesiredTickCount</Name>
      <Parent>BaseProperty</Parent>
      <DefaultValue/>
      <Description>ortho2AxisDesiredTickCount</Description>
      <Tooltip>The desired number of major ticks (applies to continuous-numeric axes).</Tooltip>
      <InputType>Float</InputType>
      <OutputType>Number</OutputType>
      <Order>325</Order>
      <Advanced>true</Advanced>
      <Version>2.0</Version>
   </Header>
</DesignerProperty>
