<DesignerProperty>
   <Header>
      <Name>cccOrtho2AxisGrid</Name>
      <Parent>BaseProperty</Parent>
      <DefaultValue>false</DefaultValue>
      <Description>ortho2AxisGrid</Description>
      <Tooltip>Indicates if grid rules are drawn separating discrete values or at each major continuous tick.</Tooltip>
      <InputType>Boolean</InputType>
      <OutputType>Boolean</OutputType>
      <Order>330</Order>
      <Advanced>true</Advanced>
      <Version>2.0</Version>
   </Header>
</DesignerProperty>
