<DesignerProperty>
   <Header>
      <Name>cccOrthoAxisDomainRoundMode</Name>
      <Parent>BaseProperty</Parent>
      <DefaultValue>tick</DefaultValue>
      <Description>orthoAxisDomainRoundMode</Description>
      <Tooltip>The axis' domain rounding mode (applies to continuous-numeric axes).</Tooltip>
      <InputType type="valuelist"/>
      <OutputType>String</OutputType>
      <Order>354</Order>
      <Advanced>true</Advanced>
      <Version>2.0</Version>
   </Header>
   <Values>
      <Value display="Nice">nice</Value>
      <Value display="None">none</Value>
      <Value display="Tick">tick</Value>
   </Values>
</DesignerProperty>
