<DesignerProperty>
   <Header>
      <Name>cccOrthoAxisComposite</Name>
      <Parent>BaseProperty</Parent>
      <DefaultValue>false</DefaultValue>
      <Description>orthoAxisComposite</Description>
      <Tooltip>Indicates if the axis should show discrete multi-dimensional data in a hierarchical form, when true, or a flattened form, when false (applies to discrete axes).</Tooltip>
      <InputType>Boolean</InputType>
      <OutputType>Boolean</OutputType>
      <Order>352</Order>
      <Advanced>true</Advanced>
      <Version>2.0</Version>
   </Header>
</DesignerProperty>
