<DesignerProperty>
   <Header>
      <Name>cccOrtho2AxisPosition</Name>
      <Parent>BaseProperty</Parent>
      <DefaultValue/>
      <Description>ortho2AxisPosition</Description>
      <Tooltip>The position of the axis panel.</Tooltip>
      <InputType type="valuelist"/>
      <OutputType>String</OutputType>
      <Order>336</Order>
      <Advanced>true</Advanced>
      <Version>2.0</Version>
   </Header>
   <Values>
      <Value display="Bottom">bottom</Value>
      <Value display="Left">left</Value>
      <Value display="Right">right</Value>
      <Value display="Top">top</Value>
   </Values>
</DesignerProperty>
