<DesignerProperty>
   <Header>
      <Name>cccOrtho2AxisOriginIsZero</Name>
      <Parent>BaseProperty</Parent>
      <DefaultValue/>
      <Description>ortho2AxisOriginIsZero</Description>
      <Tooltip>Indicates if it should be ensured that zero domain value is shown (applies to continuous axes).</Tooltip>
      <InputType>Boolean</InputType>
      <OutputType>Boolean</OutputType>
      <Order>334</Order>
      <Advanced>true</Advanced>
      <Version>2.0</Version>
   </Header>
</DesignerProperty>
