<DesignerProperty>
   <Header>
      <Name>cccOrtho2AxisMinorTicks</Name>
      <Parent>BaseProperty</Parent>
      <DefaultValue>true</DefaultValue>
      <Description>ortho2AxisMinorTicks</Description>
      <Tooltip>Indicates if minor ticks are shown between major ticks (applies to continuous axes).</Tooltip>
      <InputType>Boolean</InputType>
      <OutputType>Boolean</OutputType>
      <Order>332</Order>
      <Advanced>true</Advanced>
      <Version>2.0</Version>
   </Header>
</DesignerProperty>
