<DesignerComponent>
	<Header>
		<Name>Date input Component</Name>
		<IName>DateInput</IName>
		<Description>Date input Component</Description>
		<Category>SELECTORS</Category>
		<CatDescription>Selects</CatDescription>
		<Type>PalleteEntry</Type>
	</Header>
	<Contents>
		<Model>
			<Property>htmlObject</Property>
			<Property>parameter</Property>
			<Property>listeners</Property>
			<Property>startDate</Property>
			<Property>dateFormat</Property>
			<Property>endDate</Property>
			<Property>executeAtStart</Property>
			<Property>preChange</Property>
			<Property>postChange</Property>
			<Property>preExecution</Property>
			<Property>postExecution</Property>
			<Property>tooltip</Property>
		</Model>
	</Contents>
</DesignerComponent>
