<DesignerComponent>
	<Header>
		<Name>Month Picker Component</Name>
		<IName>monthPicker</IName>
		<Description>Month picker Component</Description>
		<Category>SELECTORS</Category>
		<CatDescription>Selects</CatDescription>
		<Type>PalleteEntry</Type>
	</Header>
	<Contents>
		<Model>
			<Property>parameter</Property>
			<Property>htmlObject</Property>
			<Property>listeners</Property>
			<Property>valuesArray</Property>
			<Property>valueAsId</Property>
			<Property>initialDate</Property>
			<Property>months</Property>
			<Property>minDate</Property>
			<Property>maxDate</Property>
			<Property>size</Property>
			<Property>executeAtStart</Property>
			<Property>preExecution</Property>
			<Property>postExecution</Property>
			<Property>preChange</Property>
			<Property>postChange</Property>
			<Property>refreshPeriod</Property>
			<Property>tooltip</Property>
		</Model>
	</Contents>
</DesignerComponent>
