<DesignerComponent>
	<Header>
		<Name>TextareaInput Component</Name>
		<IName>textareaInput</IName>
		<Description>Textarea input Component</Description>
		<Category>SELECTORS</Category>
		<CatDescription>Selects</CatDescription>
		<Type>PalleteEntry</Type>
	</Header>
	<Contents>
		<Model>
			<Property>parameter</Property>
			<Property>listeners</Property>
			<Property>htmlObject</Property>
			<Property>numRows</Property>
			<Property>numColumns</Property>
			<Property>executeAtStart</Property>
			<Property>preChange</Property>
			<Property>postChange</Property>
			<Property>preExecution</Property>
			<Property>postExecution</Property>
			<Property>refreshPeriod</Property>
			<Property>tooltip</Property>
		</Model>
	</Contents>
</DesignerComponent>
