<DesignerComponent>
	<Header>
		<Name>Button Component</Name>
		<IName>buttonComponent</IName>
		<Description>Button Component</Description>
		<Category>OTHERCOMPONENTS</Category>
		<CatDescription>Others</CatDescription>
		<Type>PalleteEntry</Type>
	</Header>
	<Contents>
		<Model>
			<Property>label</Property>
			<Property>htmlObject</Property>
			<Property name="buttonStyle">tableStyle</Property>
			<Property>listeners</Property>
			<Property>expression</Property>
			<Property>executeAtStart</Property>
			<Property>preExecution</Property>
			<Property>postExecution</Property>
			<Property>preChange</Property>
			<Property>postChange</Property>
			<Property>refreshPeriod</Property>
			<Property>tooltip</Property>
		</Model>
	</Contents>
</DesignerComponent>
