<DesignerComponent>
	<Header>
		<Name>Comments component</Name>
		<IName>comments</IName>
		<Description>Comment Component</Description>
		<Category>OTHERCOMPONENTS</Category>
		<CatDescription>Other components</CatDescription>
		<Type>PalleteEntry</Type>
	</Header>
	<Contents>
		<Model>
			<Property name="page">commentsPage</Property>
			<Property>htmlObject</Property>
			<Property>listeners</Property>
			<Property>executeAtStart</Property>
			<Property>preExecution</Property>
			<Property>postExecution</Property>
			<Property>preChange</Property>
			<Property>postChange</Property>
			<Property>refreshPeriod</Property>
			<Property>tooltip</Property>
		</Model>
	</Contents>
</DesignerComponent>
