<DesignerComponent>
	<Header>
		<Name>Pivot Link Component</Name>
		<IName>pivotLink</IName>
		<Description>Pivot Link Component</Description>
		<Category>OTHERCOMPONENTS</Category>
		<CatDescription>Others</CatDescription>
		<Type>PalleteEntry</Type>
	</Header>
	<Contents>
		<Model>
			<Property>htmlObject</Property>
			<Property>listeners</Property>
			<Definition name="queryDefinition">
				<Property>dataSource</Property>
			</Definition>
			<Property>executeAtStart</Property>
			<Property>preExecution</Property>
			<Property>postExecution</Property>
			<Property>preChange</Property>
			<Property>postChange</Property>
			<Property>refreshPeriod</Property>
			<Property>tooltip</Property>
		</Model>
	</Contents>
</DesignerComponent>
