<DesignerComponent>
	<Header>
		<Name>Query Component</Name>
		<IName>Query</IName>
		<Description>Query Component</Description>
		<Category>OTHERCOMPONENTS</Category>
		<CatDescription>Other components</CatDescription>
		<Type>PalleteEntry</Type>
	</Header>
	<Contents>
		<Model>
			<Property name="parameters">xActionArrayParameter</Property>
			<Definition name="queryDefinition">
				<Property>dataSource</Property>
			</Definition>
			<Property>resultvar</Property>
			<Property>executeAtStart</Property>
			<Property>listeners</Property>
			<Property>htmlObject</Property>
			<Property>preExecution</Property>
			<Property>postExecution</Property>
			<Property>preChange</Property>
			<Property>postChange</Property>
			<Property>postFetch</Property>
			<Property>refreshPeriod</Property>
			<Property>tooltip</Property>
		</Model>
	</Contents>
</DesignerComponent>
