<DesignerComponent>
	<Header>
		<Name>Traffic component</Name>
		<IName>traffic</IName>
		<Description>Traffic Component</Description>
		<Category>OTHERCOMPONENTS</Category>
		<CatDescription>Other components</CatDescription>
		<Type>PalleteEntry</Type>
	</Header>
	<Contents>
		<Model>
			<Property>parameter</Property>
			<Property>htmlObject</Property>
			<Property>listeners</Property>
			<Property>cdaParams</Property>
			<Definition name="trafficDefinition">
				<Property>dataSource</Property>
				<Property>showValue</Property>
				<Property>intervals</Property>
			</Definition>
			<Property>executeAtStart</Property>
			<Property>preChange</Property>
			<Property>postChange</Property>
			<Property>preExecution</Property>
			<Property>postExecution</Property>
			<Property>refreshPeriod</Property>
			<Property>tooltip</Property>
		</Model>
	</Contents>
</DesignerComponent>
